-- Insert ingredients
INSERT INTO ingredients (id, name, description) VALUES ('9958f397-6d09-441e-8637-7fc81763bfe9','Limejuice', 'Freshly squeezed');
INSERT INTO ingredients (id, name, description) VALUES ('5958f397-6d09-441e-8637-7fc81763bfe9','Mint', 'Fresh');
INSERT INTO ingredients (id, name, description) VALUES ('6958f397-6d09-441e-8637-7fc81763bfe9','Rum', 'White rum');
INSERT INTO ingredients (id, name, description) VALUES ('7958f397-6d09-441e-8637-7fc81763bfe9','Simple syrup', 'Homemade 50/50');
INSERT INTO ingredients (id, name, description) VALUES ('8957f397-6d09-441e-8637-7fc81763bfe9','Soda water', 'Chilled');
INSERT INTO ingredients (id, name, description) VALUES ('9956f397-6d09-441e-8637-7fc81763bfe9','Lemonjuice', 'Freshly squeezed');
INSERT INTO ingredients (id, name, description) VALUES ('9955f397-6d09-441e-8637-7fc81763bfe9','Gin', 'Any');
INSERT INTO ingredients (id, name, description) VALUES ('9958f397-6d09-441e-8637-7fc81663bfe9','Egg', 'White');
INSERT INTO ingredients (id, name, description) VALUES ('9958f391-6d09-441e-8637-7fc81663bfe9','Bourbon', 'Bourbon');
INSERT INTO ingredients (id, name, description) VALUES ('9958f391-6d09-441e-8637-5fc81663bfe9','Vodka', 'French');
INSERT INTO ingredients (id, name, description) VALUES ('9958f391-6d09-441e-8637-7fc81663bfe1','GingerBeer', 'Fizzy');
INSERT INTO ingredients (id, name, description) VALUES ('9958f391-6d09-441e-7637-7fc81663bfe1','Cointreau', 'French');
INSERT INTO ingredients (id, name, description) VALUES ('9958f391-6d09-441e-6637-7fc81663bfe1','Aperol', 'Italian');
INSERT INTO ingredients (id, name, description) VALUES ('9958f391-6d09-441e-5637-7fc81663bfe1','Tequila', 'High quality');
INSERT INTO ingredients (id, name, description) VALUES ('9958f391-6d09-441e-4637-7fc81663bfe1','Salt', 'flakes');
INSERT INTO ingredients (id, name, description) VALUES ('9958f391-6d09-441e-3637-7fc81663bfe1','OrangeJuice', 'Not concentrate');
INSERT INTO ingredients (id, name, description) VALUES ('9958f391-6d09-441e-2637-7fc81663bfe1','Grenadine', 'Saft');
INSERT INTO ingredients (id, name, description) VALUES ('9958f391-6d09-441e-1637-7fc81663bfe1','Grapefruit Tonic', 'pink grapefruit');
INSERT INTO ingredients (id, name, description) VALUES ('9958f391-6d09-441e-8937-7fc81663bfe1','Cream', 'from a cow');
INSERT INTO ingredients (id, name, description) VALUES ('9958f391-6d09-441e-8837-7fc81663bfe1','Coffee Liqueur', 'Not kalhua');
INSERT INTO ingredients (id, name, description) VALUES ('9958f391-6d09-441e-8537-7fc81663bfe1','Espresso', 'Fresh');
INSERT INTO ingredients (id, name, description) VALUES ('9958f391-6d09-441e-8437-7fc81663bfe1','Campari', 'Italian');
INSERT INTO ingredients (id, name, description) VALUES ('9958f391-6d09-441e-8337-7fc81663bfe1','Sweet Vermouth', 'Italian');

-- Insert cocktails
INSERT INTO cocktails (id, name, description) VALUES ('8858f397-6d09-441e-8637-7fc81763bfe9','Mojito', 'Build up in the glass, cover with crushed ice, top with soda water, garnish with mint tulip');
INSERT INTO cocktails (id, name, description) VALUES ('8758f397-6d09-441e-8637-7fc81763bfe9','Gin fizz', 'Dry shake then shake with ice, poor in a rock glass with ice cubes');
INSERT INTO cocktails (id, name, description) VALUES ('8658f397-6d09-441e-8637-7fc81763bfe9','Daiquiri', 'Shake all ingredients, double strain in a chilled champagne coupe, serve without ice');
INSERT INTO cocktails (id, name, description) VALUES ('8558f397-6d09-441e-8637-7fc81763bfe9','Whisky Sour', 'Dry shake then shake with ice, poor in a rock glass with ice cubes, add a dash of angostura bitter (optional)');
INSERT INTO cocktails (id, name, description) VALUES ('8458f397-5d09-441e-8637-7fc81763bfe9','Tom Collins', 'Shake all ingredients except soda water with ice, strain in a highball over ice, top with sparkling water and a lemon slice');
INSERT INTO cocktails (id, name, description) VALUES ('8458f397-4d09-441e-8637-7fc81763bfe9','Margarita', 'Shake all the elements over ice, poor in a cocktail glass with salt on the rim');
INSERT INTO cocktails (id, name, description) VALUES ('8458f397-3d09-441e-8637-7fc81763bfe9','Tequila sunrise', 'Build up in the glass, poor the grenadine at the end');
INSERT INTO cocktails (id, name, description) VALUES ('8458f397-2d09-441e-8637-7fc81763bfe9','Espresso martini', 'Shake hard all ingredients extra 10seconds to get a super foam, garnish with 3 coffee beans');
INSERT INTO cocktails (id, name, description) VALUES ('8458f397-1d09-441e-8637-7fc81763bfe9','White russian', 'Build up in the glass, start with vodka and coffee liqueur, add the cream on the top after the ice, garnish with a coffee bean');
INSERT INTO cocktails (id, name, description) VALUES ('8458f397-6d19-441e-8637-7fc81763bfe9','Paloma', 'Build up in the glass, serve with ice and a lime wedge');
INSERT INTO cocktails (id, name, description) VALUES ('8458f397-6d29-441e-8637-7fc81763bfe9','White lady', 'Dry shake then shake with ice, pour in a rock glass with ice cubes');
INSERT INTO cocktails (id, name, description) VALUES ('8458f397-6d39-441e-8637-7fc81763bfe9','Pink Lady', 'Dry shake then shake with ice, pour in a rock glass with ice cubes');
INSERT INTO cocktails (id, name, description) VALUES ('8458f397-6d49-441e-8637-7fc81763bfe9','Negroni', 'Build up in the glass, serve with ice and an orange zest');
INSERT INTO cocktails (id, name, description) VALUES ('8458f397-6d59-441e-8637-7fc81763bfe9','Americano', 'Build up in the glass, serve with ice and an orange zest');
INSERT INTO cocktails (id, name, description) VALUES ('8458f397-6d69-441e-8637-7fc81763bfe9','Aperol spritz', 'Build up in the glass, serve with ice, top with sparkling wine and an orange wedge');
INSERT INTO cocktails (id, name, description) VALUES ('8458f397-6d79-441e-8637-7fc81763bfe9','Black russian', 'Build up in the glass, serve with ice and a coffee bean');
INSERT INTO cocktails (id, name, description) VALUES ('8458f397-6d89-441e-8637-7fc81763bfe9','Dark and stormy', 'Build up in the glass, serve with ice and a lime wedge');
INSERT INTO cocktails (id, name, description) VALUES ('8458f397-6d99-441e-8637-7fc81763bfe9','Lynchburg lemonade', 'Shake with ice, poor in a high ball with ice and top with soda');
INSERT INTO cocktails (id, name, description) VALUES ('8458f397-5d19-441e-8637-7fc81763bfe9','South wind', 'Shake all elements including mint with ice, dubbel strain poor in a cocktail glass');
INSERT INTO cocktails (id, name, description) VALUES ('8458f397-5d29-441e-8637-7fc81763bfe9','Skinny bitch', 'Build up in the glass, serve with ice and a lime wedge');
INSERT INTO cocktails (id, name, description) VALUES ('8458f397-5d39-441e-8637-7fc81763bfe9','Tequila mule', 'Build up in the glass, serve with ice and a lime wedge');
INSERT INTO cocktails (id, name, description) VALUES ('8458f397-5d49-441e-8637-7fc81763bfe9','Herbal Dream', 'Build up in the glass, serve with ice and a lemon wedge');
INSERT INTO cocktails (id, name, description) VALUES ('8458f397-5d49-491e-8637-7fc81763bfe9','Boulevardier', 'Build up in the glass, serve with ice and an orange wedge');
INSERT INTO cocktails (id, name, description) VALUES ('8458f397-5d49-441e-8637-7fc81963bfe9','Moscow mule', 'Build up in the glass, serve with ice and a lime wedge');

-- Insert cocktail-ingredient relations
-- Mojito
INSERT INTO cocktail_ingredients (cocktail_id, ingredient_id, quantity) VALUES ('8858f397-6d09-441e-8637-7fc81763bfe9', '9958f397-6d09-441e-8637-7fc81763bfe9', 3.0);
INSERT INTO cocktail_ingredients (cocktail_id, ingredient_id, quantity) VALUES ('8858f397-6d09-441e-8637-7fc81763bfe9', '9958f397-6d09-441e-8637-7fc81763bfe9', 6.0);
INSERT INTO cocktail_ingredients (cocktail_id, ingredient_id, quantity) VALUES ('8858f397-6d09-441e-8637-7fc81763bfe9', '6958f397-6d09-441e-8637-7fc81763bfe9', 5.0);
INSERT INTO cocktail_ingredients (cocktail_id, ingredient_id, quantity) VALUES ('8858f397-6d09-441e-8637-7fc81763bfe9', '7958f397-6d09-441e-8637-7fc81763bfe9', 2.0);
INSERT INTO cocktail_ingredients (cocktail_id, ingredient_id, quantity) VALUES ('8858f397-6d09-441e-8637-7fc81763bfe9', '8957f397-6d09-441e-8637-7fc81763bfe9', 10.0);

-- Gin fizz
INSERT INTO cocktail_ingredients (cocktail_id, ingredient_id, quantity) VALUES ('8758f397-6d09-441e-8637-7fc81763bfe9', '9956f397-6d09-441e-8637-7fc81763bfe9', 3.0);
INSERT INTO cocktail_ingredients (cocktail_id, ingredient_id, quantity) VALUES ('8758f397-6d09-441e-8637-7fc81763bfe9', '9955f397-6d09-441e-8637-7fc81763bfe9', 5.0);
INSERT INTO cocktail_ingredients (cocktail_id, ingredient_id, quantity) VALUES ('8758f397-6d09-441e-8637-7fc81763bfe9', '7958f397-6d09-441e-8637-7fc81763bfe9', 2.0);
INSERT INTO cocktail_ingredients (cocktail_id, ingredient_id, quantity) VALUES ('8758f397-6d09-441e-8637-7fc81763bfe9', '9958f397-6d09-441e-8637-7fc81663bfe9', 1);

-- Daiquri

INSERT INTO cocktail_ingredients (cocktail_id, ingredient_id, quantity) VALUES ('8658f397-6d09-441e-8637-7fc81763bfe9', '9958f397-6d09-441e-8637-7fc81763bfe9', 3.0);
INSERT INTO cocktail_ingredients (cocktail_id, ingredient_id, quantity) VALUES ('8658f397-6d09-441e-8637-7fc81763bfe9', '5958f397-6d09-441e-8637-7fc81763bfe9', 5.0);
INSERT INTO cocktail_ingredients (cocktail_id, ingredient_id, quantity) VALUES ('8658f397-6d09-441e-8637-7fc81763bfe9', '7958f397-6d09-441e-8637-7fc81763bfe9', 2.0);

-- Whisky Sour
INSERT INTO cocktail_ingredients (cocktail_id, ingredient_id, quantity) VALUES ('8558f397-6d09-441e-8637-7fc81763bfe9', '9956f397-6d09-441e-8637-7fc81763bfe9', 3.0);
INSERT INTO cocktail_ingredients (cocktail_id, ingredient_id, quantity) VALUES ('8558f397-6d09-441e-8637-7fc81763bfe9', '9958f391-6d09-441e-8637-7fc81663bfe9', 5.0);
INSERT INTO cocktail_ingredients (cocktail_id, ingredient_id, quantity) VALUES ('8558f397-6d09-441e-8637-7fc81763bfe9', '7958f397-6d09-441e-8637-7fc81763bfe9', 2.0);
INSERT INTO cocktail_ingredients (cocktail_id, ingredient_id, quantity) VALUES ('8558f397-6d09-441e-8637-7fc81763bfe9', '9958f397-6d09-441e-8637-7fc81663bfe9', 1);

-- Moscow Mule
INSERT INTO cocktail_ingredients (cocktail_id, ingredient_id, quantity) VALUES ('8458f397-5d49-441e-8637-7fc81963bfe9', '9958f391-6d09-441e-8637-7fc81663bfe1', 10.0);
INSERT INTO cocktail_ingredients (cocktail_id, ingredient_id, quantity) VALUES ('8458f397-5d49-441e-8637-7fc81963bfe9', '9958f391-6d09-441e-8637-5fc81663bfe9', 5.0);
INSERT INTO cocktail_ingredients (cocktail_id, ingredient_id, quantity) VALUES ('8458f397-5d49-441e-8637-7fc81963bfe9', '9958f397-6d09-441e-8637-7fc81763bfe9', 1.0);

--Tom Collins
INSERT INTO cocktail_ingredients (cocktail_id, ingredient_id, quantity) VALUES ('8458f397-5d09-441e-8637-7fc81763bfe9', '9956f397-6d09-441e-8637-7fc81763bfe9', 3.0);
INSERT INTO cocktail_ingredients (cocktail_id, ingredient_id, quantity) VALUES ('8458f397-5d09-441e-8637-7fc81763bfe9', '9955f397-6d09-441e-8637-7fc81763bfe9', 5.0);
INSERT INTO cocktail_ingredients (cocktail_id, ingredient_id, quantity) VALUES ('8458f397-5d09-441e-8637-7fc81763bfe9', '7958f397-6d09-441e-8637-7fc81763bfe9', 2.0);
INSERT INTO cocktail_ingredients (cocktail_id, ingredient_id, quantity) VALUES ('8458f397-5d09-441e-8637-7fc81763bfe9', '8957f397-6d09-441e-8637-7fc81763bfe9', 10.0);

--Margarita
INSERT INTO cocktail_ingredients (cocktail_id, ingredient_id, quantity) VALUES ('8458f397-4d09-441e-8637-7fc81763bfe9', '9958f397-6d09-441e-8637-7fc81763bfe9', 3.0);
INSERT INTO cocktail_ingredients (cocktail_id, ingredient_id, quantity) VALUES ('8458f397-4d09-441e-8637-7fc81763bfe9','9958f391-6d09-441e-5637-7fc81663bfe1', 5.0);
INSERT INTO cocktail_ingredients (cocktail_id, ingredient_id, quantity) VALUES ('8458f397-4d09-441e-8637-7fc81763bfe9', '7958f397-6d09-441e-8637-7fc81763bfe9', 1.0);
INSERT INTO cocktail_ingredients (cocktail_id, ingredient_id, quantity) VALUES ('8458f397-4d09-441e-8637-7fc81763bfe9', '9958f391-6d09-441e-4637-7fc81663bfe1', 1);

--Tequila sunrise
INSERT INTO cocktail_ingredients (cocktail_id, ingredient_id, quantity) VALUES ('8458f397-3d09-441e-8637-7fc81763bfe9','9958f391-6d09-441e-3637-7fc81663bfe1', 10.0);
INSERT INTO cocktail_ingredients (cocktail_id, ingredient_id, quantity) VALUES ('8458f397-3d09-441e-8637-7fc81763bfe9','9958f391-6d09-441e-5637-7fc81663bfe1', 5.0);
INSERT INTO cocktail_ingredients (cocktail_id, ingredient_id, quantity) VALUES ('8458f397-3d09-441e-8637-7fc81763bfe9', '9958f391-6d09-441e-2637-7fc81663bfe1', 1.0);

--Espresso martini
INSERT INTO cocktail_ingredients (cocktail_id, ingredient_id, quantity) VALUES ('8458f397-2d09-441e-8637-7fc81763bfe9','9958f391-6d09-441e-8837-7fc81663bfe1', 3.0);
INSERT INTO cocktail_ingredients (cocktail_id, ingredient_id, quantity) VALUES ('8458f397-2d09-441e-8637-7fc81763bfe9','9958f391-6d09-441e-8637-5fc81663bfe9', 2.0);
INSERT INTO cocktail_ingredients (cocktail_id, ingredient_id, quantity) VALUES ('8458f397-2d09-441e-8637-7fc81763bfe9', '9958f391-6d09-441e-8537-7fc81663bfe1', 5.0);
INSERT INTO cocktail_ingredients (cocktail_id, ingredient_id, quantity) VALUES ('8458f397-2d09-441e-8637-7fc81763bfe9', '7958f397-6d09-441e-8637-7fc81763bfe9', 0.5);

--White russian
INSERT INTO cocktail_ingredients (cocktail_id, ingredient_id, quantity) VALUES ('8458f397-1d09-441e-8637-7fc81763bfe9','9958f391-6d09-441e-8837-7fc81663bfe1', 3.0);
INSERT INTO cocktail_ingredients (cocktail_id, ingredient_id, quantity) VALUES ('8458f397-1d09-441e-8637-7fc81763bfe9','9958f391-6d09-441e-8637-5fc81663bfe9', 2.0);
INSERT INTO cocktail_ingredients (cocktail_id, ingredient_id, quantity) VALUES ('8458f397-1d09-441e-8637-7fc81763bfe9', '9958f391-6d09-441e-8937-7fc81663bfe1', 3.0);

--Paloma
INSERT INTO cocktail_ingredients (cocktail_id, ingredient_id, quantity) VALUES ('8458f397-6d19-441e-8637-7fc81763bfe9', '9958f391-6d09-441e-1637-7fc81663bfe1', 10.0);
INSERT INTO cocktail_ingredients (cocktail_id, ingredient_id, quantity) VALUES ('8458f397-6d19-441e-8637-7fc81763bfe9', '9958f391-6d09-441e-5637-7fc81663bfe1', 5.0);
INSERT INTO cocktail_ingredients (cocktail_id, ingredient_id, quantity) VALUES ('8458f397-6d19-441e-8637-7fc81763bfe9', '9958f397-6d09-441e-8637-7fc81763bfe9', 1.0);

--White lady
INSERT INTO cocktail_ingredients (cocktail_id, ingredient_id, quantity) VALUES ('8458f397-6d29-441e-8637-7fc81763bfe9', '9956f397-6d09-441e-8637-7fc81763bfe9', 3.0);
INSERT INTO cocktail_ingredients (cocktail_id, ingredient_id, quantity) VALUES ('8458f397-6d29-441e-8637-7fc81763bfe9', '9955f397-6d09-441e-8637-7fc81763bfe9', 5.0);
INSERT INTO cocktail_ingredients (cocktail_id, ingredient_id, quantity) VALUES ('8458f397-6d29-441e-8637-7fc81763bfe9', '7958f397-6d09-441e-8637-7fc81763bfe9', 2.0);
INSERT INTO cocktail_ingredients (cocktail_id, ingredient_id, quantity) VALUES ('8458f397-6d29-441e-8637-7fc81763bfe9', '9958f397-6d09-441e-8637-7fc81663bfe9', 1);
INSERT INTO cocktail_ingredients (cocktail_id, ingredient_id, quantity) VALUES ('8458f397-6d29-441e-8637-7fc81763bfe9','9958f391-6d09-441e-7637-7fc81663bfe1', 2.0);

--Pink Lady
INSERT INTO cocktail_ingredients (cocktail_id, ingredient_id, quantity) VALUES ('8458f397-6d39-441e-8637-7fc81763bfe9', '9956f397-6d09-441e-8637-7fc81763bfe9', 3.0);
INSERT INTO cocktail_ingredients (cocktail_id, ingredient_id, quantity) VALUES ('8458f397-6d39-441e-8637-7fc81763bfe9', '9955f397-6d09-441e-8637-7fc81763bfe9', 5.0);
INSERT INTO cocktail_ingredients (cocktail_id, ingredient_id, quantity) VALUES ('8458f397-6d39-441e-8637-7fc81763bfe9', '7958f397-6d09-441e-8637-7fc81763bfe9', 2.0);
INSERT INTO cocktail_ingredients (cocktail_id, ingredient_id, quantity) VALUES ('8458f397-6d39-441e-8637-7fc81763bfe9', '9958f397-6d09-441e-8637-7fc81663bfe9', 1);
INSERT INTO cocktail_ingredients (cocktail_id, ingredient_id, quantity) VALUES ('8458f397-6d39-441e-8637-7fc81763bfe9','9958f391-6d09-441e-7637-7fc81663bfe1', 2.0);
INSERT INTO cocktail_ingredients (cocktail_id, ingredient_id, quantity) VALUES ('8458f397-6d39-441e-8637-7fc81763bfe9', '9958f391-6d09-441e-2637-7fc81663bfe1', 0.5);

--Negroni
INSERT INTO cocktail_ingredients (cocktail_id, ingredient_id, quantity) VALUES ('8458f397-6d49-441e-8637-7fc81763bfe9', '9958f391-6d09-441e-8437-7fc81663bfe1', 2.0);
INSERT INTO cocktail_ingredients (cocktail_id, ingredient_id, quantity) VALUES ('8458f397-6d49-441e-8637-7fc81763bfe9', '9958f391-6d09-441e-8337-7fc81663bfe1', 2.0);
INSERT INTO cocktail_ingredients (cocktail_id, ingredient_id, quantity) VALUES ('8458f397-6d49-441e-8637-7fc81763bfe9', '9955f397-6d09-441e-8637-7fc81763bfe9', 2.0);

--Americano
INSERT INTO cocktail_ingredients (cocktail_id, ingredient_id, quantity) VALUES ('8458f397-6d59-441e-8637-7fc81763bfe9', '9958f391-6d09-441e-8437-7fc81663bfe1', 2.0);
INSERT INTO cocktail_ingredients (cocktail_id, ingredient_id, quantity) VALUES ('8458f397-6d59-441e-8637-7fc81763bfe9', '9958f391-6d09-441e-8337-7fc81663bfe1', 2.0);
INSERT INTO cocktail_ingredients (cocktail_id, ingredient_id, quantity) VALUES ('8458f397-6d59-441e-8637-7fc81763bfe9', '8957f397-6d09-441e-8637-7fc81763bfe9', 10.0);

--Aperol spritz
INSERT INTO cocktail_ingredients (cocktail_id, ingredient_id, quantity) VALUES ('8458f397-6d69-441e-8637-7fc81763bfe9', '9958f391-6d09-441e-6637-7fc81663bfe1', 5.0);
INSERT INTO cocktail_ingredients (cocktail_id, ingredient_id, quantity) VALUES ('8458f397-6d69-441e-8637-7fc81763bfe9', '8957f397-6d09-441e-8637-7fc81763bfe9', 10.0);

--Black russian
INSERT INTO cocktail_ingredients (cocktail_id, ingredient_id, quantity) VALUES ('8458f397-6d79-441e-8637-7fc81763bfe9','9958f391-6d09-441e-8837-7fc81663bfe1', 3.0);
INSERT INTO cocktail_ingredients (cocktail_id, ingredient_id, quantity) VALUES ('8458f397-6d79-441e-8637-7fc81763bfe9','9958f391-6d09-441e-8637-5fc81663bfe9', 3.0);

--Dark and stormy
INSERT INTO cocktail_ingredients (cocktail_id, ingredient_id, quantity) VALUES ('8458f397-6d89-441e-8637-7fc81763bfe9', '9958f391-6d09-441e-8637-7fc81663bfe1', 10.0);
INSERT INTO cocktail_ingredients (cocktail_id, ingredient_id, quantity) VALUES ('8458f397-6d89-441e-8637-7fc81763bfe9', '6958f397-6d09-441e-8637-7fc81763bfe9', 5.0);
INSERT INTO cocktail_ingredients (cocktail_id, ingredient_id, quantity) VALUES ('8458f397-6d89-441e-8637-7fc81763bfe9', '9958f397-6d09-441e-8637-7fc81763bfe9', 1.0);

--Lynchburg lemonade
INSERT INTO cocktail_ingredients (cocktail_id, ingredient_id, quantity) VALUES ('8458f397-6d99-441e-8637-7fc81763bfe9', '9956f397-6d09-441e-8637-7fc81763bfe9', 3.0);
INSERT INTO cocktail_ingredients (cocktail_id, ingredient_id, quantity) VALUES ('8458f397-6d99-441e-8637-7fc81763bfe9', '9958f391-6d09-441e-8637-7fc81663bfe9', 5.0);
INSERT INTO cocktail_ingredients (cocktail_id, ingredient_id, quantity) VALUES ('8458f397-6d99-441e-8637-7fc81763bfe9', '7958f397-6d09-441e-8637-7fc81763bfe9', 2.0);
INSERT INTO cocktail_ingredients (cocktail_id, ingredient_id, quantity) VALUES ('8458f397-6d99-441e-8637-7fc81763bfe9','8957f397-6d09-441e-8637-7fc81763bfe9', 10.0);
INSERT INTO cocktail_ingredients (cocktail_id, ingredient_id, quantity) VALUES ('8458f397-6d99-441e-8637-7fc81763bfe9','9958f391-6d09-441e-7637-7fc81663bfe1', 2.0);

--South wind
INSERT INTO cocktail_ingredients (cocktail_id, ingredient_id, quantity) VALUES ('8458f397-5d19-441e-8637-7fc81763bfe9', '9958f397-6d09-441e-8637-7fc81763bfe9', 3.0);
INSERT INTO cocktail_ingredients (cocktail_id, ingredient_id, quantity) VALUES ('8458f397-5d19-441e-8637-7fc81763bfe9', '9958f397-6d09-441e-8637-7fc81763bfe9', 6.0);
INSERT INTO cocktail_ingredients (cocktail_id, ingredient_id, quantity) VALUES ('8458f397-5d19-441e-8637-7fc81763bfe9', '9958f391-6d09-441e-8637-5fc81663bfe9', 5.0);
INSERT INTO cocktail_ingredients (cocktail_id, ingredient_id, quantity) VALUES ('8458f397-5d19-441e-8637-7fc81763bfe9', '7958f397-6d09-441e-8637-7fc81763bfe9', 2.0);

--Skinny bitch
INSERT INTO cocktail_ingredients (cocktail_id, ingredient_id, quantity) VALUES ('8458f397-5d29-441e-8637-7fc81763bfe9','8957f397-6d09-441e-8637-7fc81763bfe9', 10.0);
INSERT INTO cocktail_ingredients (cocktail_id, ingredient_id, quantity) VALUES ('8458f397-5d29-441e-8637-7fc81763bfe9','9958f391-6d09-441e-8637-5fc81663bfe9', 5.0);
INSERT INTO cocktail_ingredients (cocktail_id, ingredient_id, quantity) VALUES ('8458f397-5d29-441e-8637-7fc81763bfe9', '9958f397-6d09-441e-8637-7fc81763bfe9', 0.5);

--Tequila mule
INSERT INTO cocktail_ingredients (cocktail_id, ingredient_id, quantity) VALUES ('8458f397-5d39-441e-8637-7fc81763bfe9', '9958f391-6d09-441e-8637-7fc81663bfe1', 10.0);
INSERT INTO cocktail_ingredients (cocktail_id, ingredient_id, quantity) VALUES ('8458f397-5d39-441e-8637-7fc81763bfe9','9958f391-6d09-441e-5637-7fc81663bfe1', 5.0);
INSERT INTO cocktail_ingredients (cocktail_id, ingredient_id, quantity) VALUES ('8458f397-5d39-441e-8637-7fc81763bfe9', '9958f397-6d09-441e-8637-7fc81763bfe9', 0.5);

--Herbal Dream
INSERT INTO cocktail_ingredients (cocktail_id, ingredient_id, quantity) VALUES ('8458f397-5d49-441e-8637-7fc81763bfe9', '9958f397-6d09-441e-8637-7fc81763bfe9', 3.0);
INSERT INTO cocktail_ingredients (cocktail_id, ingredient_id, quantity) VALUES ('8458f397-5d49-441e-8637-7fc81763bfe9', '9958f397-6d09-441e-8637-7fc81763bfe9', 6.0);
INSERT INTO cocktail_ingredients (cocktail_id, ingredient_id, quantity) VALUES ('8458f397-5d49-441e-8637-7fc81763bfe9', '9958f391-6d09-441e-8637-5fc81663bfe9', 5.0);
INSERT INTO cocktail_ingredients (cocktail_id, ingredient_id, quantity) VALUES ('8458f397-5d49-441e-8637-7fc81763bfe9','9958f391-6d09-441e-7637-7fc81663bfe1', 2.0);
INSERT INTO cocktail_ingredients (cocktail_id, ingredient_id, quantity) VALUES ('8458f397-5d49-441e-8637-7fc81763bfe9','8957f397-6d09-441e-8637-7fc81763bfe9', 10.0);

--Boulevardier
INSERT INTO cocktail_ingredients (cocktail_id, ingredient_id, quantity) VALUES ('8458f397-5d49-491e-8637-7fc81763bfe9', '9958f391-6d09-441e-8437-7fc81663bfe1', 2.0);
INSERT INTO cocktail_ingredients (cocktail_id, ingredient_id, quantity) VALUES ('8458f397-5d49-491e-8637-7fc81763bfe9', '9958f391-6d09-441e-8337-7fc81663bfe1', 2.0);
INSERT INTO cocktail_ingredients (cocktail_id, ingredient_id, quantity) VALUES ('8458f397-5d49-491e-8637-7fc81763bfe9','9958f391-6d09-441e-8637-7fc81663bfe9', 2.0);

